{
    "plddts": {
        "model_1": 91.35939944840263,
        "model_2": 86.27547228271119,
        "model_3": 89.75893351292989,
        "model_4": 90.89913607876274,
        "model_5": 86.79062479079064
    },
    "order": [
        "model_1",
        "model_4",
        "model_3",
        "model_5",
        "model_2"
    ]
}